Call_Num,Druid,Purl,Title,Symph_Bar,Ckey
G8062 .L8 S200 .J3 SHEET 1,nm100xb0154,https://purl.stanford.edu/nm100xb0154,呂宋島附近二十万分一地誌圖 - Rusontō fukin nijumanbun no ichi chishizu,36105216341185,9689700
G8062 .L8 S200 .J3 SHEET 2,rt179dq7503,https://purl.stanford.edu/rt179dq7503,呂宋島附近二十万分一地誌圖 - Rusontō fukin nijumanbun no ichi chishizu,36105216341219,9689700
G8062 .L8 S200 .J3 SHEET 3,xy122cp3909,https://purl.stanford.edu/xy122cp3909,呂宋島附近二十万分一地誌圖 - Rusontō fukin nijumanbun no ichi chishizu,36105216341227,9689700
G8062 .L8 S200 .J3 SHEET 4,qv618cm2629,https://purl.stanford.edu/qv618cm2629,呂宋島附近二十万分一地誌圖 - Rusontō fukin nijumanbun no ichi chishizu,36105216341235,9689700
G8062 .L8 S200 .J3 SHEET 5,cs945zb5559,https://purl.stanford.edu/cs945zb5559,呂宋島附近二十万分一地誌圖 - Rusontō fukin nijumanbun no ichi chishizu,36105216341243,9689700
G8062 .L8 S200 .J3 SHEET 7,xs838fr3816,https://purl.stanford.edu/xs838fr3816,呂宋島附近二十万分一地誌圖 - Rusontō fukin nijumanbun no ichi chishizu,36105216341250,9689700
G8062 .L8 S200 .J3 SHEET 8,ng229cv6469,https://purl.stanford.edu/ng229cv6469,呂宋島附近二十万分一地誌圖 - Rusontō fukin nijumanbun no ichi chishizu,36105216341268,9689700
G8062 .L8 S200 .J3 SHEET 9,pm085yg4493,https://purl.stanford.edu/pm085yg4493,呂宋島附近二十万分一地誌圖 - Rusontō fukin nijumanbun no ichi chishizu,36105216341276,9689700
G8062 .L8 S200 .J3 SHEET 10,yr696xy9778,https://purl.stanford.edu/yr696xy9778,呂宋島附近二十万分一地誌圖 - Rusontō fukin nijumanbun no ichi chishizu,36105216341284,9689700
G8062 .L8 S200 .J3 SHEET 11,gf376wb1264,https://purl.stanford.edu/gf376wb1264,呂宋島附近二十万分一地誌圖 - Rusontō fukin nijumanbun no ichi chishizu,36105216341292,9689700
G8062 .L8 S200 .J3 SHEET 13,hs160zh8101,https://purl.stanford.edu/hs160zh8101,呂宋島附近二十万分一地誌圖 - Rusontō fukin nijumanbun no ichi chishizu,36105216341300,9689700
G8062 .L8 S200 .J3 SHEET 14,hx200ck8857,https://purl.stanford.edu/hx200ck8857,呂宋島附近二十万分一地誌圖 - Rusontō fukin nijumanbun no ichi chishizu,36105216341318,9689700
G8064 .T115 S50 .J3 SHEET 1,cc009kx1945,https://purl.stanford.edu/cc009kx1945,五万分一地形圖 タクロバン近傍 - Gomanbunnoichi chikeizu Takuroban kinbō,36105221663417,10550792
G8064 .T115 S50 .J3 SHEET 2,fp778hd5115,https://purl.stanford.edu/fp778hd5115,五万分一地形圖 タクロバン近傍 - Gomanbunnoichi chikeizu Takuroban kinbō,36105221660777,10550792
G8064 .T115 S50 .J3 SHEET 3,jk784mt0834,https://purl.stanford.edu/jk784mt0834,五万分一地形圖 タクロバン近傍 - Gomanbunnoichi chikeizu Takuroban kinbō,36105221660785,10550792
G8064 .T115 S50 .J3 SHEET 4,wv658dr0378,https://purl.stanford.edu/wv658dr0378,五万分一地形圖 タクロバン近傍 - Gomanbunnoichi chikeizu Takuroban kinbō,36105221660793,10550792
G8064 .T115 S50 .J3 SHEET 6,hq089bf3072,https://purl.stanford.edu/hq089bf3072,五万分一地形圖 タクロバン近傍 - Gomanbunnoichi chikeizu Takuroban kinbō,36105221660801,10550792
G8064 .T115 S50 .J3 SHEET 7,mb863gs2856,https://purl.stanford.edu/mb863gs2856,五万分一地形圖 タクロバン近傍 - Gomanbunnoichi chikeizu Takuroban kinbō,36105221660819,10550792
G7895 S1000 .J3 SHEET 1,wy687kh4457,https://purl.stanford.edu/wy687kh4457,蒙古百万分一圖 - Mōko hyakumanbun no ichi zu,36105216341375,9690663
G7895 S1000 .J3 SHEET 2,pf202xs9934,https://purl.stanford.edu/pf202xs9934,蒙古百万分一圖 - Mōko hyakumanbun no ichi zu,36105216341383,9690663
G7895 S1000 .J3 SHEET 3,sp975fq7856,https://purl.stanford.edu/sp975fq7856,蒙古百万分一圖 - Mōko hyakumanbun no ichi zu,36105216341482,9690663
G7895 S1000 .J3 SHEET 4,yv808cq7354,https://purl.stanford.edu/yv808cq7354,蒙古百万分一圖 - Mōko hyakumanbun no ichi zu,36105216341391,9690663
G7895 S1000 .J3 SHEET 5,tw398cf7792,https://purl.stanford.edu/tw398cf7792,蒙古百万分一圖 - Mōko hyakumanbun no ichi zu,36105216341474,9690663
G7895 S1000 .J3 SHEET 6,mk343nf5624,https://purl.stanford.edu/mk343nf5624,蒙古百万分一圖 - Mōko hyakumanbun no ichi zu,36105216341490,9690663
G7322 .R3 S25 .J3 SHEET 1,ff634qx1167,https://purl.stanford.edu/ff634qx1167,綏芬河附近國境要圖 - Suifunga fukin  kokkyō yōzu,36105221663466,10496621
G7322 .R3 S25 .J3 SHEET 2,fg416qd4279,https://purl.stanford.edu/fg416qd4279,綏芬河附近國境要圖 - Suifunga fukin  kokkyō yōzu,36105221660884,10496621
G7322 .R3 S25 .J3 SHEET 3,bz271wh9035,https://purl.stanford.edu/bz271wh9035,綏芬河附近國境要圖 - Suifunga fukin  kokkyō yōzu,36105221660892,10496621
G7322 .R3 S25 .J3 SHEET 4,zx316yb9141,https://purl.stanford.edu/zx316yb9141,綏芬河附近國境要圖 - Suifunga fukin  kokkyō yōzu,36105221660900,10496621
G7322 .R3 S25 .J3 SHEET 5,rq919qd0502,https://purl.stanford.edu/rq919qd0502,綏芬河附近國境要圖 - Suifunga fukin  kokkyō yōzu,36105221660918,10496621
G8062 .L8 S50 .J33 SHEET 15,vs656bg2293,https://purl.stanford.edu/vs656bg2293,呂宋島五万分一圖 - Rusontō Gomanbunnoichi Zu,36105221663409,10553866
G8062 .L8 S50 .J33 SHEET 19,rk084yk5380,https://purl.stanford.edu/rk084yk5380,呂宋島五万分一圖 - Rusontō Gomanbunnoichi Zu,36105221660678,10553866
G8062 .L8 S50 .J33 SHEET 20,vf691wk9004,https://purl.stanford.edu/vf691wk9004,呂宋島五万分一圖 - Rusontō Gomanbunnoichi Zu,36105221660686,10553866
G8062 .L8 S50 .J33 SHEET 24,sd945bz0960,https://purl.stanford.edu/sd945bz0960,呂宋島五万分一圖 - Rusontō Gomanbunnoichi Zu,36105221660694,10553866
G8062 .L8 S50 .J33 SHEET 25,px635pz5165,https://purl.stanford.edu/px635pz5165,呂宋島五万分一圖 - Rusontō Gomanbunnoichi Zu,36105221660702,10553866
G8062 .L8 S50 .J33 SHEET 29,bz344kz6161,https://purl.stanford.edu/bz344kz6161,呂宋島五万分一圖 - Rusontō Gomanbunnoichi Zu,36105221660710,10553866
G8062 .L8 S50 .J33 SHEET 30,vm424vj6279,https://purl.stanford.edu/vm424vj6279,呂宋島五万分一圖 - Rusontō Gomanbunnoichi Zu,36105221660728,10553866
G8062 .L8 S50 .J33 SHEET 35,qx405qn0918,https://purl.stanford.edu/qx405qn0918,呂宋島五万分一圖 - Rusontō Gomanbunnoichi Zu,36105221660736,10553866
G8062 .L8 S50 .J33 SHEET 36,hf851bk7210,https://purl.stanford.edu/hf851bk7210,呂宋島五万分一圖 - Rusontō Gomanbunnoichi Zu,36105221660744,10553866
G8062 .L8 S50 .J33 SHEET 42,yq766zs8229,https://purl.stanford.edu/yq766zs8229,呂宋島五万分一圖 - Rusontō Gomanbunnoichi Zu,36105221660751,10553866
G8062 .L8 S50 .J33 SHEET 43,mb593kc0645,https://purl.stanford.edu/mb593kc0645,呂宋島五万分一圖 - Rusontō Gomanbunnoichi Zu,36105221660769,10553866
G7322 .U8 S50 .J3 SHEET 1,qj959dg6677,https://purl.stanford.edu/qj959dg6677,西伯利五万分一圖 - Shiberia Gomanbunnoichi Zu,36105221065712,10496629
G7322 .U8 S50 .J3 SHEET 2,pw900py1547,https://purl.stanford.edu/pw900py1547,西伯利五万分一圖 - Shiberia Gomanbunnoichi Zu,36105221089597,10496629
G7322 .U8 S50 .J3 SHEET 3,md718vn5492,https://purl.stanford.edu/md718vn5492,西伯利五万分一圖 - Shiberia Gomanbunnoichi Zu,36105221089605,10496629
G7322 .U8 S50 .J3 SHEET 4,vj804vc8480,https://purl.stanford.edu/vj804vc8480,西伯利五万分一圖 - Shiberia Gomanbunnoichi Zu,36105221089613,10496629
G7322 .U8 S50 .J3 SHEET 5,fp963yq9637,https://purl.stanford.edu/fp963yq9637,西伯利五万分一圖 - Shiberia Gomanbunnoichi Zu,36105221089621,10496629
G7322 .U8 S50 .J3 SHEET 6,pd780qr6327,https://purl.stanford.edu/pd780qr6327,西伯利五万分一圖 - Shiberia Gomanbunnoichi Zu,36105221089639,10496629
G7824 .H29 1915 .J3 SHEET1,tb154wv2262,https://purl.stanford.edu/tb154wv2262,漢陽以西漢水右岸地區 - Kanyō isei Kansui ugan chiku,36105221663128,10652362
G7824 .H29 1915 .J3 SHEET2,jk857vb5585,https://purl.stanford.edu/jk857vb5585,漢陽以西漢水右岸地區 - Kanyō isei Kansui ugan chiku,36105221651974,10652362
G7824 .H29 1915 .J3 SHEET3,rw082hc0073,https://purl.stanford.edu/rw082hc0073,漢陽以西漢水右岸地區 - Kanyō isei Kansui ugan chiku,36105221651982,10652362
G7824 .H29 1915 .J3 SHEET4,vy101qn0918,https://purl.stanford.edu/vy101qn0918,漢陽以西漢水右岸地區 - Kanyō isei Kansui ugan chiku,36105221651990,10652362
G7824 .H29 1915 .J3 SHEET5,fm072nq9721,https://purl.stanford.edu/fm072nq9721,漢陽以西漢水右岸地區 - Kanyō isei Kansui ugan chiku,36105221652006,10652362
G7824 .H29 1915 .J3 SHEET6,dr344gp4139,https://purl.stanford.edu/dr344gp4139,漢陽以西漢水右岸地區 - Kanyō isei Kansui ugan chiku,36105221652014,10652362
G7821 .F2 S25 .J3 SHEET 1,hj843kz4053,https://purl.stanford.edu/hj843kz4053,同江附近國境要圖 - Dōkō fukin kokkyō yōzu,36105221663458,10496490
G7821 .F2 S25 .J3 SHEET 2,nr347hv6588,https://purl.stanford.edu/nr347hv6588,同江附近國境要圖 - Dōkō fukin kokkyō yōzu,36105221660827,10496490
G7821 .F2 S25 .J3 SHEET 3,fv672kh4917,https://purl.stanford.edu/fv672kh4917,同江附近國境要圖 - Dōkō fukin kokkyō yōzu,36105221660835,10496490
G7821 .F2 S25 .J3 SHEET 4,xv464nh6987,https://purl.stanford.edu/xv464nh6987,同江附近國境要圖 - Dōkō fukin kokkyō yōzu,36105221660850,10496490
G7821 .F2 S25 .J3 SHEET 5,vn217cr7469,https://purl.stanford.edu/vn217cr7469,同江附近國境要圖 - Dōkō fukin kokkyō yōzu,36105221660868,10496490
G7821 .F2 S25 .J3 SHEET 6,cz996bw9401,https://purl.stanford.edu/cz996bw9401,同江附近國境要圖 - Dōkō fukin kokkyō yōzu,36105221660876,10496490
G7801 .P6 S2000 .J3 SHEET 17,mg975hr2309,https://purl.stanford.edu/mg975hr2309,二百万分一航法用経緯度圖 - Nihyakumanbun no ichi Kōhōyō keiidozu,36105221663052,10652585
G7801 .P6 S2000 .J3 SHEET 18,vw800cf2243,https://purl.stanford.edu/vw800cf2243,二百万分一航法用経緯度圖 - Nihyakumanbun no ichi Kōhōyō keiidozu,36105221652063,10652585
G7801 .P6 S2000 .J3 SHEET 19,yk918vt6487,https://purl.stanford.edu/yk918vt6487,二百万分一航法用経緯度圖 - Nihyakumanbun no ichi Kōhōyō keiidozu,36105221652071,10652585
G7801 .P6 S2000 .J3 SHEET 20,jc226ms0245,https://purl.stanford.edu/jc226ms0245,二百万分一航法用経緯度圖 - Nihyakumanbun no ichi Kōhōyō keiidozu,36105221652089,10652585
G7801 .P6 S2000 .J3 SHEET 26,br929cv6196,https://purl.stanford.edu/br929cv6196,二百万分一航法用経緯度圖 - Nihyakumanbun no ichi Kōhōyō keiidozu,36105221652097,10652585
G7801 .P6 S2000 .J3 SHEET 27,zk048fs0542,https://purl.stanford.edu/zk048fs0542,二百万分一航法用経緯度圖 - Nihyakumanbun no ichi Kōhōyō keiidozu,36105221652105,10652585
G7801 .P6 S2000 .J3 SHEET 28,bq764sz5904,https://purl.stanford.edu/bq764sz5904,二百万分一航法用経緯度圖 - Nihyakumanbun no ichi Kōhōyō keiidozu,36105221652113,10652585
G7801 .P6 S2000 .J3 SHEET 35,yr373tn9568,https://purl.stanford.edu/yr373tn9568,二百万分一航法用経緯度圖 - Nihyakumanbun no ichi Kōhōyō keiidozu,36105221652121,10652585
G7801 .P6 S2000 .J3 SHEET 36,pj979fh3424,https://purl.stanford.edu/pj979fh3424,二百万分一航法用経緯度圖 - Nihyakumanbun no ichi Kōhōyō keiidozu,36105221652139,10652585
G7801 .P6 S2000 .J3 SHEET 42,bs029gb2566,https://purl.stanford.edu/bs029gb2566,二百万分一航法用経緯度圖 - Nihyakumanbun no ichi Kōhōyō keiidozu,36105221652147,10652585
G7801 .P6 S2000 .J3 SHEET 43,jm174zy7301,https://purl.stanford.edu/jm174zy7301,二百万分一航法用経緯度圖 - Nihyakumanbun no ichi Kōhōyō keiidozu,36105221652154,10652585
G7800 1943 .J3 SHEET 1,gr529zh9648,https://purl.stanford.edu/gr529zh9648,四百万分一防空用作戦圖 - Yonhyakumanbun no ichi bōkūyō sakusenzu,36105216323498,9591368
G7800 1943 .J3 SHEET 2,cg446cb5197,https://purl.stanford.edu/cg446cb5197,四百万分一防空用作戦圖 - Yonhyakumanbun no ichi bōkūyō sakusenzu,36105216323506,9591368
G7800 1943 .J3 SHEET 2 COLOR,wh549hf2841,https://purl.stanford.edu/wh549hf2841,四百万分一防空用作戦圖 - Yonhyakumanbun no ichi bōkūyō sakusenzu,36105216323514,9591368
G7800 1943 .J3 SHEET 3,mc829fm3865,https://purl.stanford.edu/mc829fm3865,四百万分一防空用作戦圖 - Yonhyakumanbun no ichi bōkūyō sakusenzu,36105216323522,9591368
G7800 1943 .J3 SHEET 4,dd665tx7329,https://purl.stanford.edu/dd665tx7329,四百万分一防空用作戦圖 - Yonhyakumanbun no ichi bōkūyō sakusenzu,36105216323530,9591368
G7800 1943 .J3 SHEET 5,hw040dg3388,https://purl.stanford.edu/hw040dg3388,四百万分一防空用作戦圖 - Yonhyakumanbun no ichi bōkūyō sakusenzu,36105216323548,9591368
G7800 1943 .J3 SHEET 6,gd706bt6896,https://purl.stanford.edu/gd706bt6896,四百万分一防空用作戦圖 - Yonhyakumanbun no ichi bōkūyō sakusenzu,36105216323555,9591368
G7800 1943 .J3 SHEET 7,jj881jz0627,https://purl.stanford.edu/jj881jz0627,四百万分一防空用作戦圖 - Yonhyakumanbun no ichi bōkūyō sakusenzu,36105216323563,9591368
G7800 1943 .J3 SHEET 9,zw901jt4301,https://purl.stanford.edu/zw901jt4301,四百万分一防空用作戦圖 - Yonhyakumanbun no ichi bōkūyō sakusenzu,36105216323571,9591368
G7800 1943 .J3 SHEET 10,bm823gh0152,https://purl.stanford.edu/bm823gh0152,四百万分一防空用作戦圖 - Yonhyakumanbun no ichi bōkūyō sakusenzu,36105216323589,9591368
G7800 1943 .J3 SHEET 12,pm372cx3679,https://purl.stanford.edu/pm372cx3679,四百万分一防空用作戦圖 - Yonhyakumanbun no ichi bōkūyō sakusenzu,36105216323597,9591368
G9460 SVAR .J3 1-1,zw062rr5074,https://purl.stanford.edu/zw062rr5074,十万分一マーシャル諸島 - Jūmanbunnoichi Māsharu Shotō,36105221663433,10550749
G9460 SVAR .J3 1-2,mn566ch3492,https://purl.stanford.edu/mn566ch3492,十万分一マーシャル諸島 - Jūmanbunnoichi Māsharu Shotō,36105221653079,10550749
G9460 SVAR .J3 1-2 ED.2,sq504rz9508,https://purl.stanford.edu/sq504rz9508,十万分一マーシャル諸島 - Jūmanbunnoichi Māsharu Shotō,36105221653087,10550749
G9460 SVAR .J3 1-3,nm758rh6130,https://purl.stanford.edu/nm758rh6130,十万分一マーシャル諸島 - Jūmanbunnoichi Māsharu Shotō,36105221653095,10550749
G9460 SVAR .J3 1-3 ED.2,fv421yj7090,https://purl.stanford.edu/fv421yj7090,十万分一マーシャル諸島 - Jūmanbunnoichi Māsharu Shotō,36105221653103,10550749
G9460 SVAR .J3 1-4,zt901bm6503,https://purl.stanford.edu/zt901bm6503,十万分一マーシャル諸島 - Jūmanbunnoichi Māsharu Shotō,36105221653111,10550749
G9460 SVAR .J3 1-4 ED.2,pn556yh4096,https://purl.stanford.edu/pn556yh4096,十万分一マーシャル諸島 - Jūmanbunnoichi Māsharu Shotō,36105221653129,10550749
G9460 SVAR .J3 1-5,nn005yb8470,https://purl.stanford.edu/nn005yb8470,十万分一マーシャル諸島 - Jūmanbunnoichi Māsharu Shotō,36105221653137,10550749
G9460 SVAR .J3 1-6,tj607fy7147,https://purl.stanford.edu/tj607fy7147,十万分一マーシャル諸島 - Jūmanbunnoichi Māsharu Shotō,36105221653145,10550749
G9460 SVAR .J3 1-7,mv630hb3199,https://purl.stanford.edu/mv630hb3199,十万分一マーシャル諸島 - Jūmanbunnoichi Māsharu Shotō,36105221653152,10550749
G9460 SVAR .J3 1-8,jd552sx6966,https://purl.stanford.edu/jd552sx6966,十万分一マーシャル諸島 - Jūmanbunnoichi Māsharu Shotō,36105221653160,10550749
G9460 SVAR .J3 1-9,bs473kx3256,https://purl.stanford.edu/bs473kx3256,十万分一マーシャル諸島 - Jūmanbunnoichi Māsharu Shotō,36105221653178,10550749
G9460 SVAR .J3 1-10,dd268kw8129,https://purl.stanford.edu/dd268kw8129,十万分一マーシャル諸島 - Jūmanbunnoichi Māsharu Shotō,36105221653186,10550749
G9460 SVAR .J3 1-10A,xp543qn4623,https://purl.stanford.edu/xp543qn4623,十万分一マーシャル諸島 - Jūmanbunnoichi Māsharu Shotō,36105221653194,10550749
G9460 SVAR .J3 1-10B,kn292sk3914,https://purl.stanford.edu/kn292sk3914,十万分一マーシャル諸島 - Jūmanbunnoichi Māsharu Shotō,36105221653202,10550749
G9460 SVAR .J3 1-11,ky718sv1789,https://purl.stanford.edu/ky718sv1789,十万分一マーシャル諸島 - Jūmanbunnoichi Māsharu Shotō,36105221653210,10550749
G9460 SVAR .J3 1-12,yf709pf5593,https://purl.stanford.edu/yf709pf5593,十万分一マーシャル諸島 - Jūmanbunnoichi Māsharu Shotō,36105221653228,10550749
G9460 SVAR .J3 1-12 ED.2,nb711gj8981,https://purl.stanford.edu/nb711gj8981,十万分一マーシャル諸島 - Jūmanbunnoichi Māsharu Shotō,36105221653236,10550749
G9460 SVAR .J3 1-14,fj609jh4957,https://purl.stanford.edu/fj609jh4957,十万分一マーシャル諸島 - Jūmanbunnoichi Māsharu Shotō,36105221653244,10550749
G9460 SVAR .J3 1-15,vf636tm4608,https://purl.stanford.edu/vf636tm4608,十万分一マーシャル諸島 - Jūmanbunnoichi Māsharu Shotō,36105221653251,10550749
G9460 SVAR .J3 1-16,vh249wh3873,https://purl.stanford.edu/vh249wh3873,十万分一マーシャル諸島 - Jūmanbunnoichi Māsharu Shotō,36105221653269,10550749
G9460 SVAR .J3 1-17,sn077gn1505,https://purl.stanford.edu/sn077gn1505,十万分一マーシャル諸島 - Jūmanbunnoichi Māsharu Shotō,36105221653277,10550749
G9460 SVAR .J3 1-18,dj496xh6845,https://purl.stanford.edu/dj496xh6845,十万分一マーシャル諸島 - Jūmanbunnoichi Māsharu Shotō,36105221653285,10550749
G9460 SVAR .J3 1-19,hp190xg7133,https://purl.stanford.edu/hp190xg7133,十万分一マーシャル諸島 - Jūmanbunnoichi Māsharu Shotō,36105221653293,10550749
G9460 SVAR .J3 1-19 ED.2,nz987nx0986,https://purl.stanford.edu/nz987nx0986,十万分一マーシャル諸島 - Jūmanbunnoichi Māsharu Shotō,36105221653301,10550749
G9460 SVAR .J3 2-1,sg038xs2781,https://purl.stanford.edu/sg038xs2781,十万分一マーシャル諸島 - Jūmanbunnoichi Māsharu Shotō,36105221653319,10550749
G9460 SVAR .J3 2-2,by388qm2974,https://purl.stanford.edu/by388qm2974,十万分一マーシャル諸島 - Jūmanbunnoichi Māsharu Shotō,36105221653327,10550749
G9460 SVAR .J3 2-3,bn471rv1045,https://purl.stanford.edu/bn471rv1045,十万分一マーシャル諸島 - Jūmanbunnoichi Māsharu Shotō,36105221653335,10550749
G9460 SVAR .J3 2-4,fk812mq7264,https://purl.stanford.edu/fk812mq7264,十万分一マーシャル諸島 - Jūmanbunnoichi Māsharu Shotō,36105221653343,10550749
G9460 SVAR .J3 2-4 ED.2,ww693zz3136,https://purl.stanford.edu/ww693zz3136,十万分一マーシャル諸島 - Jūmanbunnoichi Māsharu Shotō,36105221653350,10550749
G9460 SVAR .J3 2-5,kz403kt0769,https://purl.stanford.edu/kz403kt0769,十万分一マーシャル諸島 - Jūmanbunnoichi Māsharu Shotō,36105221653368,10550749
G9460 SVAR .J3 2-6,xk103fd7409,https://purl.stanford.edu/xk103fd7409,十万分一マーシャル諸島 - Jūmanbunnoichi Māsharu Shotō,36105221653376,10550749
G9460 SVAR .J3 2-6 ED.2,zr052yp2988,https://purl.stanford.edu/zr052yp2988,十万分一マーシャル諸島 - Jūmanbunnoichi Māsharu Shotō,36105221653384,10550749
G9460 SVAR .J3 2-8,jc713ry5887,https://purl.stanford.edu/jc713ry5887,十万分一マーシャル諸島 - Jūmanbunnoichi Māsharu Shotō,36105221653392,10550749
G9460 SVAR .J3 2-8 ED.2,vx863nq2376,https://purl.stanford.edu/vx863nq2376,十万分一マーシャル諸島 - Jūmanbunnoichi Māsharu Shotō,36105221653400,10550749
G9460 SVAR .J3 2-9,dv862hd1144,https://purl.stanford.edu/dv862hd1144,十万分一マーシャル諸島 - Jūmanbunnoichi Māsharu Shotō,36105221653418,10550749
G9460 SVAR .J3 2-9A,yp677ys1112,https://purl.stanford.edu/yp677ys1112,十万分一マーシャル諸島 - Jūmanbunnoichi Māsharu Shotō,36105221653426,10550749
G9460 SVAR .J3 2-10A,cb615js2036,https://purl.stanford.edu/cb615js2036,十万分一マーシャル諸島 - Jūmanbunnoichi Māsharu Shotō,36105221653434,10550749
G9460 SVAR .J3 2-12,ry106wk0517,https://purl.stanford.edu/ry106wk0517,十万分一マーシャル諸島 - Jūmanbunnoichi Māsharu Shotō,36105221653442,10550749
G9460 SVAR .J3 2-13,dx850gm6227,https://purl.stanford.edu/dx850gm6227,十万分一マーシャル諸島 - Jūmanbunnoichi Māsharu Shotō,36105221653459,10550749
G9460 SVAR .J3 2-13 ED.2,zg938sw6985,https://purl.stanford.edu/zg938sw6985,十万分一マーシャル諸島 - Jūmanbunnoichi Māsharu Shotō,36105221653467,10550749
G9460 SVAR .J3 2-14A,pk485db0819,https://purl.stanford.edu/pk485db0819,十万分一マーシャル諸島 - Jūmanbunnoichi Māsharu Shotō,36105221653475,10550749
G7962 .R9 S50 .J3 SHEET 1-1,hk480gv9811,https://purl.stanford.edu/hk480gv9811,五万分一南西諸島陸海編合圖 - Gomanbunnoichi Nansei Shotō Rikukai Hengōzu,36105221661122,10550669
G7962 .R9 S50 .J3 SHEET 1-2,vq166dx7083,https://purl.stanford.edu/vq166dx7083,五万分一南西諸島陸海編合圖 - Gomanbunnoichi Nansei Shotō Rikukai Hengōzu,36105221661130,10550669
G7962 .R9 S50 .J3 SHEET 2-1,kc881fy7193,https://purl.stanford.edu/kc881fy7193,五万分一南西諸島陸海編合圖 - Gomanbunnoichi Nansei Shotō Rikukai Hengōzu,36105221661148,10550669
G7962 .R9 S50 .J3 SHEET 2-2,qx750xg7288,https://purl.stanford.edu/qx750xg7288,五万分一南西諸島陸海編合圖 - Gomanbunnoichi Nansei Shotō Rikukai Hengōzu,36105221661155,10550669
G7962 .R9 S50 .J3 SHEET 2-3,rm740nj1077,https://purl.stanford.edu/rm740nj1077,五万分一南西諸島陸海編合圖 - Gomanbunnoichi Nansei Shotō Rikukai Hengōzu,36105221661163,10550669
G7962 .R9 S50 .J3 SHEET 3-1,vx836dj6133,https://purl.stanford.edu/vx836dj6133,五万分一南西諸島陸海編合圖 - Gomanbunnoichi Nansei Shotō Rikukai Hengōzu,36105221661171,10550669
G7962 .R9 S50 .J3 SHEET 3-2,xv177vd0056,https://purl.stanford.edu/xv177vd0056,五万分一南西諸島陸海編合圖 - Gomanbunnoichi Nansei Shotō Rikukai Hengōzu,36105221661189,10550669
G7962 .R9 S50 .J3 SHEET 3-3,gv136zm7164,https://purl.stanford.edu/gv136zm7164,五万分一南西諸島陸海編合圖 - Gomanbunnoichi Nansei Shotō Rikukai Hengōzu,36105221661197,10550669
G7962 .R9 S50 .J3 SHEET 3-4,qw109gv1714,https://purl.stanford.edu/qw109gv1714,五万分一南西諸島陸海編合圖 - Gomanbunnoichi Nansei Shotō Rikukai Hengōzu,36105221652808,10550669
G7962 .R9 S50 .J3 SHEET 3-5,dp521vy1155,https://purl.stanford.edu/dp521vy1155,五万分一南西諸島陸海編合圖 - Gomanbunnoichi Nansei Shotō Rikukai Hengōzu,36105221652816,10550669
G7962 .R9 S50 .J3 SHEET 4-1,jq533nm7821,https://purl.stanford.edu/jq533nm7821,五万分一南西諸島陸海編合圖 - Gomanbunnoichi Nansei Shotō Rikukai Hengōzu,36105221652824,10550669
G7962 .R9 S50 .J3 SHEET 4-3,sp737fz8713,https://purl.stanford.edu/sp737fz8713,五万分一南西諸島陸海編合圖 - Gomanbunnoichi Nansei Shotō Rikukai Hengōzu,36105221652832,10550669
G7962 .R9 S50 .J3 SHEET 5,qk950rb2173,https://purl.stanford.edu/qk950rb2173,五万分一南西諸島陸海編合圖 - Gomanbunnoichi Nansei Shotō Rikukai Hengōzu,36105221664803,10550669
G7800 S1000 .J3 SHEET1,gv396hb8458,https://purl.stanford.edu/gv396hb8458,百万分一航空圖 - Hyakumanbunnoichi Kōkūzu,36105221663060,10652554
G7800 S1000 .J3 SHEET2,tg631gg4479,https://purl.stanford.edu/tg631gg4479,百万分一航空圖 - Hyakumanbunnoichi Kōkūzu,36105221652022,10652554
G7800 S1000 .J3 SHEET3,gp852fr5434,https://purl.stanford.edu/gp852fr5434,百万分一航空圖 - Hyakumanbunnoichi Kōkūzu,36105221652030,10652554
G7800 S1000 .J3 SHEET4,pw342bp2181,https://purl.stanford.edu/pw342bp2181,百万分一航空圖 - Hyakumanbunnoichi Kōkūzu,36105221652048,10652554
G7800 S1000 .J3 SHEET5,qh587jd8340,https://purl.stanford.edu/qh587jd8340,百万分一航空圖 - Hyakumanbunnoichi Kōkūzu,36105221652055,10652554
G7831 .N44 1937 .J3 MAP 1,fb385pt7881,https://purl.stanford.edu/fb385pt7881,北満洲給水兵要地誌圖 - Kita Manshū kyūsui heiyō chishizu,36105216191598,9925274
G7831 .N44 1937 .J3 MAP 2,wh175zy2552,https://purl.stanford.edu/wh175zy2552,北満洲給水兵要地誌圖 - Kita Manshū kyūsui heiyō chishizu,36105216192802,9925274
G7831 .N44 1937 .J3 MAP 3,mh239ms5676,https://purl.stanford.edu/mh239ms5676,北満洲給水兵要地誌圖 - Kita Manshū kyūsui heiyō chishizu,36105216192810,9925274
G7831 .N44 1937 .J3 MAP 4,pg012gs3998,https://purl.stanford.edu/pg012gs3998,北満洲給水兵要地誌圖 - Kita Manshū kyūsui heiyō chishizu,36105216192828,9925274
G7831 .N44 1937 .J3 MAP 5,gp107jm4072,https://purl.stanford.edu/gp107jm4072,北満洲給水兵要地誌圖 - Kita Manshū kyūsui heiyō chishizu,36105216192836,9925274
G7831 .N44 1937 .J3 MAP 6,cg574kk6354,https://purl.stanford.edu/cg574kk6354,北満洲給水兵要地誌圖 - Kita Manshū kyūsui heiyō chishizu,36105216192844,9925274
G7831 .N44 1937 .J3 MAP 7,wn586fb2878,https://purl.stanford.edu/wn586fb2878,北満洲給水兵要地誌圖 - Kita Manshū kyūsui heiyō chishizu,36105216192851,9925274
G7960 S50 .J31 SHEET 45,fs034bk1581,https://purl.stanford.edu/fs034bk1581,集成五万分一地形圖 - Shūsei gomanbun no ichi chikeizu,36105221652162,8103638
G7960 S50 .J31 SHEET 70-W,xs439pb0869,https://purl.stanford.edu/xs439pb0869,集成五万分一地形圖 - Shūsei gomanbun no ichi chikeizu,36105221652170,8103638
G7960 S50 .J31 SHEET 81-W,zf367tm8257,https://purl.stanford.edu/zf367tm8257,集成五万分一地形圖 - Shūsei gomanbun no ichi chikeizu,36105221652188,8103638
G7960 S50 .J31 SHEET 88-W,rz230vx7164,https://purl.stanford.edu/rz230vx7164,集成五万分一地形圖 - Shūsei gomanbun no ichi chikeizu,36105221652196,8103638
G7960 S50 .J31 SHEET 97-E,dt402fq2611,https://purl.stanford.edu/dt402fq2611,集成五万分一地形圖 - Shūsei gomanbun no ichi chikeizu,36105221660603,8103638
G7960 S50 .J31 SHEET 94,bp860fm6456,https://purl.stanford.edu/bp860fm6456,集成五万分一地形圖 - Shūsei gomanbun no ichi chikeizu,36105221660611,8103638
G7960 S50 .J31 SHEET 144,qs391pp8262,https://purl.stanford.edu/qs391pp8262,集成五万分一地形圖 - Shūsei gomanbun no ichi chikeizu,36105221660629,8103638
G5671 .P6 S3000 .J3 SHEET 2,bp959ws4503,https://purl.stanford.edu/bp959ws4503,三百万分一歐亞航空圖 - Sanbyakumanbunnoichi Ōa Kōkūzu,36105221663482,10496600
G5671 .P6 S3000 .J3 SHEET 3,vf304sd2579,https://purl.stanford.edu/vf304sd2579,三百万分一歐亞航空圖 - Sanbyakumanbunnoichi Ōa Kōkūzu,36105221660926,10496600
G5671 .P6 S3000 .J3 SHEET 4,jr757xq1156,https://purl.stanford.edu/jr757xq1156,三百万分一歐亞航空圖 - Sanbyakumanbunnoichi Ōa Kōkūzu,36105221660934,10496600
G5671 .P6 S3000 .J3 SHEET 9,sz797tq2898,https://purl.stanford.edu/sz797tq2898,三百万分一歐亞航空圖 - Sanbyakumanbunnoichi Ōa Kōkūzu,36105221660942,10496600
G5671 .P6 S3000 .J3 SHEET 10,br551zk3484,https://purl.stanford.edu/br551zk3484,三百万分一歐亞航空圖 - Sanbyakumanbunnoichi Ōa Kōkūzu,36105221660959,10496600
G5671 .P6 S3000 .J3 SHEET 17,gd707bb3888,https://purl.stanford.edu/gd707bb3888,三百万分一歐亞航空圖 - Sanbyakumanbunnoichi Ōa Kōkūzu,36105221660967,10496600
G7271 .P6 S1000 .J3 SHEET A-1,xg460yh5821,https://purl.stanford.edu/xg460yh5821,[North Asia] 百万分一航空圖 - [North Asia] Hyakumanbunnoichi Kōkūzu,36105221663474,10563570
G7271 .P6 S1000 .J3 SHEET A-2,vt600mc9703,https://purl.stanford.edu/vt600mc9703,[North Asia] 百万分一航空圖 - [North Asia] Hyakumanbunnoichi Kōkūzu,36105221660975,10563570
G7271 .P6 S1000 .J3 SHEET B-1,cq619vr6256,https://purl.stanford.edu/cq619vr6256,[North Asia] 百万分一航空圖 - [North Asia] Hyakumanbunnoichi Kōkūzu,36105221660983,10563570
G7271 .P6 S1000 .J3 SHEET B-2,jz005sg8499,https://purl.stanford.edu/jz005sg8499,[North Asia] 百万分一航空圖 - [North Asia] Hyakumanbunnoichi Kōkūzu,36105221660991,10563570
G7271 .P6 S1000 .J3 SHEET B-3,kf669fs0987,https://purl.stanford.edu/kf669fs0987,[North Asia] 百万分一航空圖 - [North Asia] Hyakumanbunnoichi Kōkūzu,36105221661007,10563570
G7271 .P6 S1000 .J3 SHEET B-4,bg386tx7155,https://purl.stanford.edu/bg386tx7155,[North Asia] 百万分一航空圖 - [North Asia] Hyakumanbunnoichi Kōkūzu,36105221661015,10563570
G7271 .P6 S1000 .J3 SHEET C,fv736rh1435,https://purl.stanford.edu/fv736rh1435,[North Asia] 百万分一航空圖 - [North Asia] Hyakumanbunnoichi Kōkūzu,36105221661023,10563570
G7271 .P6 S1000 .J3 SHEET D,zy887sw9885,https://purl.stanford.edu/zy887sw9885,[North Asia] 百万分一航空圖 - [North Asia] Hyakumanbunnoichi Kōkūzu,36105221661031,10563570
G7801 .P6 S2000 .J28 SHEET 1,qf331pm3870,https://purl.stanford.edu/qf331pm3870,二百万分一航空圖 - Nihyakumanbun no ichi kōkūzu,36105221047447,10436352
G7801 .P6 S2000 .J28 SHEET 3,vr613fz3318,https://purl.stanford.edu/vr613fz3318,二百万分一航空圖 - Nihyakumanbun no ichi kōkūzu,36105221047454,10436352
G7801 .P6 S2000 .J28 SHEET 5,bh383tr4608,https://purl.stanford.edu/bh383tr4608,二百万分一航空圖 - Nihyakumanbun no ichi kōkūzu,36105221047462,10436352
G7801 .P6 S2000 .J28 SHEET 6,rj654dt3454,https://purl.stanford.edu/rj654dt3454,二百万分一航空圖 - Nihyakumanbun no ichi kōkūzu,36105221047470,10436352
G7801 .P6 S2000 .J28 SHEET 7,tj760ry5586,https://purl.stanford.edu/tj760ry5586,二百万分一航空圖 - Nihyakumanbun no ichi kōkūzu,36105221047488,10436352
G7801 .P6 S2000 .J28 SHEET 8,rw478sz0083,https://purl.stanford.edu/rw478sz0083,二百万分一航空圖 - Nihyakumanbun no ichi kōkūzu,36105221047496,10436352
G7801 .P6 S2000 .J28 SHEET 9,xq929xc1250,https://purl.stanford.edu/xq929xc1250,二百万分一航空圖 - Nihyakumanbun no ichi kōkūzu,36105221047504,10436352
G8062 .L8 S50 .J31 SHEET 67,jz121zq7991,https://purl.stanford.edu/jz121zq7991,假製呂宋島五万分一圖 - Kasei Rusontō Gomanbunnoichi Zu,36105221663383,10553717
G8062 .L8 S50 .J31 SHEET 68,hm237hx3114,https://purl.stanford.edu/hm237hx3114,假製呂宋島五万分一圖 - Kasei Rusontō Gomanbunnoichi Zu,36105221660637,10553717
G8062 .L8 S50 .J31 SHEET 71,nv458pf6036,https://purl.stanford.edu/nv458pf6036,假製呂宋島五万分一圖 - Kasei Rusontō Gomanbunnoichi Zu,36105221660645,10553717
G8062 .L8 S50 .J31 SHEET 72,pw896wg5789,https://purl.stanford.edu/pw896wg5789,假製呂宋島五万分一圖 - Kasei Rusontō Gomanbunnoichi Zu,36105221660652,10553717
G8062 .L8 S50 .J31 SHEET 73,ss764jd5548,https://purl.stanford.edu/ss764jd5548,假製呂宋島五万分一圖 - Kasei Rusontō Gomanbunnoichi Zu,36105221660660,10553717
G8000 S2000 .J3 SHEET 1,kn203nd7912,https://purl.stanford.edu/kn203nd7912,二百万分一南方圖 - Nihyakumanbunnoichi Nanpōzu,36105221663391,10496422
G8000 S2000 .J3 SHEET 2,hj824jq0099,https://purl.stanford.edu/hj824jq0099,二百万分一南方圖 - Nihyakumanbunnoichi Nanpōzu,36105221661049,10496422
G8000 S2000 .J3 SHEET 3,zp524dh1068,https://purl.stanford.edu/zp524dh1068,二百万分一南方圖 - Nihyakumanbunnoichi Nanpōzu,36105221661056,10496422
G8000 S2000 .J3 SHEET 4,ny954nz7433,https://purl.stanford.edu/ny954nz7433,二百万分一南方圖 - Nihyakumanbunnoichi Nanpōzu,36105221661064,10496422
G8000 S2000 .J3 SHEET 5,dj643nr8775,https://purl.stanford.edu/dj643nr8775,二百万分一南方圖 - Nihyakumanbunnoichi Nanpōzu,36105221661072,10496422
G8000 S2000 .J3 SHEET 6,jw239nc5204,https://purl.stanford.edu/jw239nc5204,二百万分一南方圖 - Nihyakumanbunnoichi Nanpōzu,36105221661080,10496422
G8000 S2000 .J3 SHEET 7,xt947nn2262,https://purl.stanford.edu/xt947nn2262,二百万分一南方圖 - Nihyakumanbunnoichi Nanpōzu,36105221661098,10496422
G8000 S2000 .J3 SHEET 8,xw634zh3059,https://purl.stanford.edu/xw634zh3059,二百万分一南方圖 - Nihyakumanbunnoichi Nanpōzu,36105221661106,10496422
G8000 S2000 .J3 SHEET 8 ED.2,qp658xp4271,https://purl.stanford.edu/qp658xp4271,二百万分一南方圖 - Nihyakumanbunnoichi Nanpōzu,36105221661114,10496422
G7950 S500 .J3 SHEET 3,gc020dz5714,https://purl.stanford.edu/gc020dz5714,集成二十万分一帝國圖 - Shūsei nijūmanbunnoichi teikokuzu,36105221065738,10553907
G7950 S500 .J3 SHEET 7,cn909jv6855,https://purl.stanford.edu/cn909jv6855,集成二十万分一帝國圖 - Shūsei nijūmanbunnoichi teikokuzu,36105221089647,10553907
G7950 S500 .J3 SHEET 9,fn211bv1833,https://purl.stanford.edu/fn211bv1833,集成二十万分一帝國圖 - Shūsei nijūmanbunnoichi teikokuzu,36105221089654,10553907
G7950 S500 .J3 SHEET 10,gw275tp2498,https://purl.stanford.edu/gw275tp2498,集成二十万分一帝國圖 - Shūsei nijūmanbunnoichi teikokuzu,36105221089662,10553907
G7950 S500 .J3 SHEET 26,ts436bw2773,https://purl.stanford.edu/ts436bw2773,集成二十万分一帝國圖 - Shūsei nijūmanbunnoichi teikokuzu,36105221089670,10553907
G7950 S500 .J3 SHEET 27,qh632ws2818,https://purl.stanford.edu/qh632ws2818,集成二十万分一帝國圖 - Shūsei nijūmanbunnoichi teikokuzu,36105221089688,10553907
G9412 .S3 S100 .J3,gc640vh9797,https://purl.stanford.edu/gc640vh9797,サイパン島 - Saipantō,36105221663045,10652528
G9410 1944 .J3,vt197hd5731,https://purl.stanford.edu/vt197hd5731,十万分一グァム島附近 - Jūmanbunnoichi Guamutō fukin.,36105221663136,10652405
G9440 1944 .J3,sf484dd2736,https://purl.stanford.edu/sf484dd2736,十万分一トラック島附近 (其三) - Jūmanbunnoichi Torakkutō fukin (sono 3),36105221663144,10652458
G7830 S500 .J35,ff601ms8965,https://purl.stanford.edu/ff601ms8965,五十万分一東部國境近傍圖 - Gojumanbunnoichi tōbu kokkyō kinbōzu,36105221656247,10745962
G7323 .K5P6 S1000 .J3 SHEET 8,nr357ph7571,https://purl.stanford.edu/nr357ph7571,百万分一圖 - Hyakumanbunnoichi zu,36105221663037,10652573
